{
    "errors": {
        "Adams": [
            0.0,
            0.0028475415494791712,
            0.004737108665127229,
            0.00558486104964134,
            0.005157735372193987,
            0.003019720654214157,
            0.0015492131939128277,
            0.009619450490293469,
            0.02277279223153862,
            0.043308142343873625,
            0.0745286205982032,
            0.12115225976350283
        ],
        "Euler": [
            0.0,
            0.03500000000000014,
            0.055969125000000064,
            0.06191299796249994,
            0.049708879326720856,
            0.01374278913435445,
            0.05466592137666404,
            0.1680745294981043,
            0.34398214027170004,
            0.6061546088583565,
            0.9861710968626056
        ],
        "Runge": [
            0.0,
            0.0028475415494791712,
            0.004737108665127229,
            0.00558486104964134,
            0.005146764934971918,
            0.0029763403587039477,
            0.001641811443671859,
            0.009791343945145565,
            0.02306875298448555,
            0.04379053625736563,
            0.07528651173751473
        ]
    },
    "h1": {
        "Adams": {
            "x": [
                0.0,
                0.1,
                0.2,
                0.30000000000000004,
                0.4,
                0.5,
                0.6,
                0.7,
                0.7999999999999999,
                0.8999999999999999,
                0.9999999999999999,
                1.0999999999999999
            ],
            "y": [
                1,
                1.090249575,
                1.1613060530246289,
                1.2119705364153124,
                1.2386742508701516,
                1.2346596208054759,
                1.1887487531714054,
                1.0843388526512427,
                0.8969583897324218,
                0.5911557219263768,
                0.11615825759592618,
                -0.6003302020205254
            ]
        },
        "Euler": {
            "x": [
                0.0,
                0.1,
                0.2,
                0.30000000000000004,
                0.4,
                0.5,
                0.6000000000000001,
                0.7000000000000001,
                0.8,
                0.9,
                1.0
            ],
            "y": [
                1,
                1.08,
                1.141168,
                1.1825802112,
                1.20105299475968,
                1.1907736246272531,
                1.1427151717295234,
                1.043813288228843,
                0.8758838711341097,
                0.6142767360453465,
                0.2263029313558524
            ]
        },
        "Runge": {
            "x": [
                0.0,
                0.1,
                0.2,
                0.30000000000000004,
                0.4,
                0.5,
                0.6000000000000001,
                0.7000000000000001,
                0.8,
                0.9,
                1.0
            ],
            "y": [
                1,
                1.090249575,
                1.1613060530246289,
                1.2119705364153124,
                1.2385071235174996,
                1.2339998494300153,
                1.1873425436600522,
                1.0817314689596087,
                0.8924743109878579,
                0.583854975648903,
                0.1046994850301563
            ]
        },
        "h": 0.1
    },
    "h2": {
        "Adams": {
            "x": [
                0.0,
                0.05,
                0.1,
                0.15000000000000002,
                0.2,
                0.25,
                0.3,
                0.35,
                0.39999999999999997,
                0.44999999999999996,
                0.49999999999999994,
                0.5499999999999999,
                0.6,
                0.65,
                0.7000000000000001,
                0.7500000000000001,
                0.8000000000000002,
                0.8500000000000002,
                0.9000000000000002,
                0.9500000000000003,
                1.0000000000000002,
                1.0500000000000003
            ],
            "y": [
                1,
                1.0475364517578125,
                1.0902494230477204,
                1.1281976206706923,
                1.1613082202872418,
                1.1893638109922635,
                1.2119869510800978,
                1.2286306100056448,
                1.2385502732055012,
                1.2407778570844812,
                1.2340875665689741,
                1.216953694432017,
                1.187499907644062,
                1.1434379616080075,
                1.0819941087946296,
                0.999821052060639,
                0.8928928782169837,
                0.7563800295477111,
                0.5845009141029406,
                0.370346275319686,
                0.10567195630456061,
                -0.2193447703003209
            ]
        },
        "Euler": {
            "x": [
                0.0,
                0.05,
                0.1,
                0.15000000000000002,
                0.2,
                0.25,
                0.30000000000000004,
                0.35000000000000003,
                0.4,
                0.45,
                0.5,
                0.55,
                0.6000000000000001,
                0.65,
                0.7000000000000001,
                0.75,
                0.8,
                0.8500000000000001,
                0.9,
                0.9500000000000001,
                1.0
            ],
            "y": [
                1,
                1.045,
                1.085198875,
                1.1206672132375,
                1.1513441154329591,
                1.1770308354928987,
                1.1973810931061875,
                1.2118878177269472,
                1.2198660114058097,
                1.220431344903703,
                1.212474028218458,
                1.1946274246530504,
                1.165230809612607,
                1.122285615804642,
                1.0634044619958436,
                0.9857522424800548,
                0.885978572460547,
                0.7601409595118678,
                0.6036182291318805,
                0.41101400848186787,
                0.17605051443939462
            ]
        },
        "Runge": {
            "x": [
                0.0,
                0.05,
                0.1,
                0.15000000000000002,
                0.2,
                0.25,
                0.30000000000000004,
                0.35000000000000003,
                0.4,
                0.45,
                0.5,
                0.55,
                0.6000000000000001,
                0.65,
                0.7000000000000001,
                0.75,
                0.8,
                0.8500000000000001,
                0.9,
                0.9500000000000001,
                1.0
            ],
            "y": [
                1,
                1.0475364517578125,
                1.0902494230477204,
                1.1281976206706923,
                1.1613056494929208,
                1.189354744049456,
                1.21196971531513,
                1.2286016281367922,
                1.2385056057551411,
                1.2407130195093874,
                1.2339971610928773,
                1.2168313081412012,
                1.187337877757751,
                1.1432271129902982,
                1.0817234606099897,
                0.9994774717477111,
                0.8924606881994106,
                0.7558405669611841,
                0.5838320479867577,
                0.36952189542848635,
                0.10466146008280047
            ]
        },
        "h": 0.05
    }
}