{
    "errors": {
        "FD": [
            0.02200000000000002,
            0.028000000000000025,
            0.04999999999999993,
            0.049900000000000055,
            0.032400000000000095,
            0.0013999999999999568,
            0.040000000000000036,
            0.08950000000000002,
            0.1451,
            0.20519999999999994,
            0.26850000000000007
        ],
        "Shooting": [
            0.0025121708108937213,
            0.033512444601625946,
            0.045597162174169426,
            0.03886306137207729,
            0.017428564122063395,
            0.015401738941013599,
            0.056983163678270055,
            0.10520551853577109,
            0.15839097544849168,
            0.21521095232078669,
            0.2746185134344933
        ]
    },
    "h1": {
        "FD": {
            "x": [
                0.0,
                0.1,
                0.2,
                0.30000000000000004,
                0.4,
                0.5,
                0.6000000000000001,
                0.7000000000000001,
                0.8,
                0.9,
                1.0
            ],
            "y": [
                1.0419,
                0.9419,
                0.8796,
                0.8482,
                0.8421,
                0.8567,
                0.8882,
                0.9337,
                0.9906,
                1.0569,
                1.1307
            ]
        },
        "Shooting": {
            "x": [
                0.0,
                0.1,
                0.2,
                0.30000000000000004,
                0.4,
                0.5,
                0.6000000000000001,
                0.7000000000000001,
                0.8,
                0.9,
                1.0
            ],
            "y": [
                1.0048502760671119,
                0.9236744712387691,
                0.8755156393073303,
                0.85438890365235,
                0.8553942462887821,
                0.8745198591583367,
                0.9084811412767564,
                0.9545888803315302,
                1.010641328561995,
                1.074835841684904,
                1.14569653473742
            ]
        },
        "h": 0.1
    },
    "h2": {
        "FD": {
            "x": [
                0.0,
                0.05,
                0.1,
                0.15000000000000002,
                0.2,
                0.25,
                0.30000000000000004,
                0.35000000000000003,
                0.4,
                0.45,
                0.5,
                0.55,
                0.6000000000000001,
                0.65,
                0.7000000000000001,
                0.75,
                0.8,
                0.8500000000000001,
                0.9,
                0.9500000000000001,
                1.0
            ],
            "y": [
                1.0199,
                0.9699,
                0.9296,
                0.8981,
                0.8745,
                0.8581,
                0.8482,
                0.8442,
                0.8455,
                0.8517,
                0.8622,
                0.8766,
                0.8947,
                0.9159,
                0.9401,
                0.9669,
                0.9962,
                1.0275,
                1.0609,
                1.096,
                1.1327
            ]
        },
        "Shooting": {
            "x": [
                0.0,
                0.05,
                0.1,
                0.15000000000000002,
                0.2,
                0.25,
                0.30000000000000004,
                0.35000000000000003,
                0.4,
                0.45,
                0.5,
                0.55,
                0.6000000000000001,
                0.65,
                0.7000000000000001,
                0.75,
                0.8,
                0.8500000000000001,
                0.9,
                0.9500000000000001,
                1.0
            ],
            "y": [
                1.0023381052562181,
                0.9571869158403951,
                0.9211128014814998,
                0.8932519650244273,
                0.8728228104108455,
                0.8591181202173231,
                0.8514979775984863,
                0.8493833617957591,
                0.8522503531135034,
                0.8596248893641173,
                0.8710780213029267,
                0.8862216195677536,
                0.9047044901568484,
                0.926208859567653,
                0.9504471944185463,
                0.977159323723336,
                1.0061098350173032,
                1.0370857182744027,
                1.069894234035193,
                1.1043609844090414,
                1.1403281676445831
            ]
        },
        "h": 0.05
    }
}