{
    "first_der": -1.02875,
    "second_der": -0.21749999999999825
}