{
    "first_der": 0.16000000000000006,
    "second_der": 1.2000000000000004
}