{
    "Lagrange": [
        [
            1.7517775793854797,
            0.01972677181660254
        ],
        [
            1.7747133935206871,
            0.04266258595180994
        ]
    ],
    "Newton": [
        [
            1.7517775793854793,
            0.019726771816602096
        ],
        [
            1.774713393520687,
            0.04266258595180972
        ]
    ]
}