{
    "x1": 2.000000000000002,
    "x2": 4.0000000000000036,
    "x3": 6.999999999999997,
    "x4": -7.999999999999997
}