{
    "LU": [
        [
            -9,
            9,
            5,
            3
        ],
        [
            -0.1111111111111111,
            -4.0,
            -6.444444444444445,
            1.3333333333333333
        ],
        [
            -0.1111111111111111,
            0.5,
            -5.222222222222222,
            -4.333333333333333
        ],
        [
            0.2222222222222222,
            -0.5,
            0.4468085106382979,
            2.9361702127659575
        ]
    ],
    "X": [
        2.000000000000002,
        4.0000000000000036,
        6.999999999999997,
        -7.999999999999997
    ],
    "det": -552.0,
    "inv": [
        [
            -0.2282608695652174,
            0.028985507246376843,
            -0.032608695652173926,
            0.5253623188405796
        ],
        [
            -0.11956521739130435,
            0.007246376811594235,
            0.0543478260869565,
            0.5688405797101449
        ],
        [
            0.043478260869565216,
            -0.10869565217391305,
            -0.06521739130434781,
            -0.2826086956521739
        ],
        [
            -0.06521739130434782,
            0.2463768115942029,
            -0.15217391304347827,
            0.34057971014492755
        ]
    ]
}