{
    "F1": [
        [
            0.4057,
            0.82524,
            1.24478,
            1.66432,
            2.08386,
            2.5034
        ],
        0.9031141580000001
    ],
    "F2": [
        [
            0.5987,
            0.692796,
            0.9634040000000001,
            1.410524,
            2.0341560000000003,
            2.8343
        ],
        0.3616619957440002
    ]
}