{
    "errors": {
        "Rectangle": 0.03645557495667625,
        "Simpson": 0.0002486956991863002,
        "Trapeze": 0.06875775296827939
    },
    "h1": {
        "Rectangle": 1.975292622928662,
        "Simpson": 1.8855218855218858,
        "Trapeze": 1.606060606060606,
        "h": 1.0
    },
    "h2": {
        "Rectangle": 1.8659258980586333,
        "Simpson": 1.8892523210096803,
        "Trapeze": 1.8123338649654441,
        "h": 0.5
    }
}