{
    "errors": {
        "Rectangle": [
            0.002610538146380126,
            0.002835736946628679
        ],
        "Simpson": [
            0.0019927332635907733,
            0.002122242252728871
        ],
        "Trapeze": [
            0.00999982154053769,
            0.015028274084434376
        ]
    },
    "h1": {
        "Rectangle": 1.8659258980586333,
        "Simpson": 1.8892523210096803,
        "Trapeze": 1.8123338649654441,
        "h": 0.5
    },
    "h2": {
        "Rectangle": 1.858094283619493,
        "Simpson": 1.8593613220558187,
        "Trapeze": 1.8423333295870572,
        "h": 0.25
    }
}